user_id,full_name,email,balance,registration_date,account_status
1,Allison Hill,donaldgarcia@example.net,6412.3,2024-01-26,Blocked
2,Angie Henderson,davisjesse@example.net,2786.54,2024-08-16,Active
3,Cristian Santos,lrobinson@example.com,7377.89,2025-11-23,Blocked
4,Abigail Shaffer,jpeterson@example.org,8927.19,2024-03-30,Blocked
5,Gabrielle Davis,howardmaurice@example.com,4248.12,2024-01-31,Active
6,Monica Herrera,smiller@example.net,2225.45,2025-06-01,Blocked
7,Shannon Ray,williamsjeremy@example.com,314.03,2024-07-22,Blocked
8,Dr. Sharon James,xreid@example.org,6516.35,2025-07-12,Inactive
9,Daniel Adams,lynchgeorge@example.net,2243.38,2025-08-26,Inactive
10,Joel Nelson,gabriellecameron@example.org,8103.83,2024-01-07,Active
11,Andrew Stewart,carl95@example.org,6996.49,2024-12-14,Inactive
12,Jennifer Rocha,ithomas@example.org,1597.02,2026-02-20,Inactive
13,Kimberly Burgess,zhurst@example.com,1066.99,2025-01-24,Active
14,Zachary Hicks,camposmichelle@example.org,3621.84,2024-12-18,Blocked
15,Rebecca Henderson,cruzcaitlin@example.com,2681.98,2024-02-14,Blocked
16,Tricia Valencia,frazierdanny@example.net,4621.28,2024-05-07,Inactive
17,Patricia Peterson,ryan70@example.net,834.06,2024-10-27,Blocked
18,Deborah Mason,williamrodriguez@example.net,6204.27,2025-01-05,Blocked
19,Mark Lynch,nathanielmartin@example.net,1963.27,2024-03-12,Active
20,Linda Burns,hickmannatasha@example.com,6629.57,2026-03-02,Inactive
21,David Bradley,millertodd@example.org,9852.95,2024-08-26,Active
22,Kim Martinez,karroyo@example.com,3832.26,2025-04-09,Blocked
23,Lisa Brandt,jenniferross@example.net,8349.4,2024-06-15,Inactive
24,Jessica Holmes,wrightcaleb@example.org,3584.94,2025-11-17,Inactive
25,Crystal Robinson,zimmermanbrian@example.org,7033.11,2025-11-30,Blocked
26,Shannon Jones,joshuawashington@example.net,760.45,2025-10-12,Active
27,Timothy Duncan,esanchez@example.com,5364.69,2024-09-07,Active
28,Brent Jordan,ujenkins@example.org,4649.49,2024-10-03,Blocked
29,Victoria Garcia,zchandler@example.org,6897.21,2024-08-12,Blocked
30,Connor West,dwhite@example.org,3276.61,2026-02-25,Active
31,Angela Morton,williamsyvette@example.org,2329.03,2024-02-02,Inactive
32,Tammy Allison,richardolson@example.com,4041.59,2024-03-08,Active
33,Carmen Smith,ybaker@example.com,9135.7,2025-08-03,Blocked
34,Michael Cross,smoore@example.org,3181.04,2025-11-02,Inactive
35,Lauren Daniels,brian97@example.net,3986.54,2025-10-20,Inactive
36,Kim Brown,yorkcasey@example.org,1471.57,2024-05-22,Active
37,Cynthia Wilson,bethwilliams@example.org,7462.64,2025-07-05,Inactive
38,Kevin Mills,james53@example.com,7482.79,2025-03-14,Blocked
39,Michael Evans,sarah10@example.com,4024.04,2024-08-12,Active
40,Kristine Garcia,williamanderson@example.com,5119.79,2024-04-03,Active
41,Sherry Wood,samueldaniels@example.com,8617.97,2024-06-05,Blocked
42,Victoria Valdez,contrerasangela@example.net,1641.82,2025-11-27,Inactive
43,Shawn Baker,newtoneric@example.com,5984.27,2025-01-29,Inactive
44,Michelle Harris,william40@example.org,5979.09,2025-04-24,Blocked
45,Sandra Williams,kellie42@example.net,2551.57,2025-07-20,Active
46,Michael Hoffman,jonesnicole@example.org,6818.82,2024-04-27,Blocked
47,Sandra Aguilar,russellwilliams@example.com,8853.65,2026-02-07,Inactive
48,Rebecca Valencia,jason31@example.com,7697.56,2024-12-14,Active
49,Stacey Russell,sarayoung@example.org,2970.33,2024-06-10,Inactive
50,Rita Keith,whitesandra@example.com,82.29,2026-01-09,Blocked
51,Sharon Cochran,erik16@example.org,2670.72,2025-05-27,Active
52,Courtney Velasquez,ybailey@example.org,5101.43,2024-04-18,Blocked
53,Matthew Ross,michelle45@example.net,3019.53,2025-10-16,Blocked
54,Meghan Anthony,sheila14@example.org,6109.25,2024-06-05,Inactive
55,Victoria Johnson,yreed@example.com,7636.98,2025-07-06,Blocked
56,William Wilson,jonathanfletcher@example.org,9189.01,2025-09-05,Inactive
57,Renee Mcdaniel,michaeljones@example.net,4911.63,2024-04-24,Inactive
58,Lisa Alvarado,cortezkevin@example.com,8793.28,2024-11-10,Active
59,Erika Terry,jamesortega@example.com,626.36,2025-08-03,Active
60,Stephanie Gilbert,richard04@example.com,902.25,2025-05-12,Active
61,Richard Lawson,steven73@example.net,9780.95,2025-06-29,Active
62,Steven Flynn,donnacampbell@example.net,1327.5,2025-05-01,Blocked
63,Frances Cardenas,emilywalker@example.org,1693.01,2025-06-24,Blocked
64,Angel Riggs,gibsonolivia@example.net,4260.22,2024-08-04,Blocked
65,Michael Snyder,dylanwatts@example.org,7564.89,2025-12-07,Active
66,Colleen Brock,pwilliams@example.org,7143.84,2025-02-12,Blocked
67,Robert Contreras,stephanie79@example.net,6516.29,2025-03-24,Blocked
68,Jessica Meadows,vmerritt@example.com,4542.29,2024-09-10,Active
69,Paul Larsen,katie87@example.net,687.06,2024-01-22,Blocked
70,Jeremiah Reeves,josephflores@example.net,5561.52,2025-08-25,Active
71,Chris Reyes,jasminebrown@example.com,121.55,2025-12-25,Blocked
72,John Brown,xprice@example.net,635.79,2024-03-10,Active
73,Alicia Gilmore,wwoods@example.com,8603.37,2024-03-13,Blocked
74,Sarah Ashley,vmedina@example.net,2418.15,2025-11-16,Inactive
75,Stephanie Freeman,ryan06@example.com,2181.66,2024-05-15,Blocked
76,Rebecca Ramsey,ncalhoun@example.net,9358.37,2025-08-07,Blocked
77,James Elliott,millerroy@example.com,4753.08,2026-03-14,Inactive
78,David Murphy,wmurphy@example.com,8084.6,2024-07-13,Active
79,Trevor Fisher,ruizkaitlyn@example.org,1014.46,2025-03-17,Inactive
80,Mrs. Marie Harrington DDS,herringjames@example.org,4264.61,2025-04-23,Blocked
81,Cynthia Wells,elliottjeffery@example.net,589.0,2025-10-31,Blocked
82,Jacob Obrien,stricklandfrank@example.com,1029.26,2025-02-16,Blocked
83,Alexander Collins,tsanders@example.org,3426.06,2024-04-21,Active
84,Michael Burton,terrykevin@example.net,1956.32,2025-07-03,Inactive
85,Barbara Riggs,reedross@example.com,1444.81,2024-07-06,Inactive
86,Matthew Smith,gshort@example.com,4653.15,2024-03-18,Inactive
87,Madison Poole,ryangross@example.net,8089.82,2025-07-17,Active
88,Robert Medina,umarshall@example.net,553.35,2025-07-07,Active
89,Samuel Rivas,ramirezshannon@example.com,9691.51,2026-02-10,Active
90,Mary Rogers,lrosales@example.com,1704.8,2025-05-12,Inactive
91,Robert Peterson,angela83@example.org,2176.79,2025-02-14,Active
92,Jason Peters,hannahbrewer@example.com,1688.14,2024-01-03,Inactive
93,Alan Phillips,tholt@example.net,2688.77,2026-03-13,Inactive
94,Kara Schmidt,jbarajas@example.com,2888.23,2025-12-14,Blocked
95,Jesse Parker,davidlee@example.org,9954.46,2025-07-23,Blocked
96,Tiffany Vaughn,javierwashington@example.net,7198.16,2024-06-07,Active
97,Paige Carlson,wallkenneth@example.com,3002.24,2024-02-29,Blocked
98,Adrian Ferguson,brandon08@example.com,7370.58,2024-03-03,Blocked
99,Beth Oneill,agarcia@example.net,3170.37,2024-02-21,Blocked
100,John Peterson,kingmichelle@example.org,4794.05,2025-06-27,Active
101,Jennifer Jones,hernandezlisa@example.com,615.95,2025-06-04,Active
102,David Grant,yobrien@example.net,8520.86,2024-03-11,Blocked
103,Joseph Hayes,levans@example.com,726.21,2024-08-28,Inactive
104,Marc Lynch,mezajared@example.org,1242.87,2025-08-06,Active
105,Brad Allen,moorericky@example.net,5810.24,2024-02-10,Blocked
106,Doris Hall,jacqueline71@example.net,865.73,2025-11-04,Blocked
107,Dennis Moody,ronaldstephens@example.net,5674.01,2024-11-19,Inactive
108,Derek Thomas,martinkyle@example.net,2082.38,2026-01-03,Inactive
109,Tammy Gonzales,sbarker@example.com,2424.93,2025-02-09,Active
110,Kathryn Snyder,georgepamela@example.net,6733.32,2024-11-03,Inactive
111,David Davis,keyemily@example.com,3195.96,2026-02-08,Active
112,Pamela Thompson,lmoon@example.net,142.69,2025-09-28,Blocked
113,Robert Costa,vbailey@example.com,9961.16,2024-03-16,Blocked
114,Shannon Rivera,zroberts@example.net,2170.89,2024-09-28,Active
115,Brandon King,cordovarichard@example.net,9335.93,2024-03-11,Active
116,April Booth,mgutierrez@example.net,3726.79,2024-06-10,Inactive
117,Peter Garrett,harrisandrea@example.com,8345.76,2025-12-21,Inactive
118,Michael Martinez,jennifercollins@example.org,6136.19,2025-10-31,Blocked
119,Anna Gay,murraydavid@example.org,127.84,2025-07-21,Inactive
120,Dr. Jordan Hill PhD,jsanchez@example.org,9320.97,2024-04-16,Active
121,Thomas Romero,michellehill@example.com,2681.44,2024-04-19,Blocked
122,Richard Adams,campbellkenneth@example.net,5554.58,2024-10-05,Inactive
123,Mary Grimes,wryan@example.com,6068.06,2026-01-04,Inactive
124,Kimberly Gibson,molly39@example.com,2075.79,2025-10-11,Inactive
125,Reginald Williams,zthornton@example.com,5078.82,2024-09-14,Active
126,Matthew Hoover,tylerjohnson@example.net,968.37,2025-03-09,Inactive
127,Evelyn Garcia,dgarcia@example.org,488.66,2024-12-07,Active
128,Jennifer Pena,charlesharrington@example.com,6389.28,2024-09-25,Active
129,Michael Santos,melissa86@example.com,7425.25,2025-07-18,Blocked
130,Stacy Freeman,williamsonjimmy@example.net,4305.48,2024-01-10,Active
131,Yolanda Francis,wgood@example.net,798.68,2025-12-08,Active
132,Ashlee Jackson,rebecca05@example.org,5478.62,2025-01-13,Blocked
133,James Thomas,yknight@example.org,5547.62,2025-03-16,Active
134,Bob Pitts,tyleraguilar@example.org,466.2,2025-01-08,Active
135,David Scott,nolansteven@example.com,8994.3,2024-08-03,Blocked
136,Brooke Alexander,vanessa46@example.net,2532.82,2024-04-15,Inactive
137,Ryan Gonzalez,gcastaneda@example.org,7812.16,2025-02-20,Blocked
138,Ian Phillips,andrew64@example.org,7507.3,2024-08-30,Active
139,Melissa Garner,lozanojulie@example.com,9763.25,2024-06-30,Inactive
140,Crystal Pham,danaoliver@example.net,296.62,2026-01-24,Inactive
141,Patricia Becker,courtneyberger@example.net,7834.75,2025-02-25,Blocked
142,Richard Johnson,jessica14@example.com,8647.44,2024-09-11,Inactive
143,Casey Anderson,alyssa42@example.com,1634.02,2025-12-19,Active
144,Terry Coffey,julie51@example.com,3856.29,2024-02-09,Inactive
145,Brenda Levy,zcoffey@example.net,2263.22,2025-04-16,Inactive
146,Richard Smith,gibsonemily@example.net,3086.65,2026-03-25,Active
147,James Little,daniel37@example.org,2268.09,2025-11-06,Active
148,Terri Murphy,deborahreid@example.com,4014.74,2024-10-12,Active
149,Elizabeth Ortiz,brandonjohnson@example.com,9670.55,2024-10-12,Inactive
150,David Medina,qchavez@example.net,6432.74,2025-02-13,Blocked
151,Kimberly Matthews,nicolepena@example.com,9812.44,2025-07-03,Inactive
152,Teresa Ramirez,jeff73@example.com,9395.41,2024-04-28,Inactive
153,Michael Stephens,bruce43@example.org,1826.75,2024-09-28,Active
154,Samantha Davis,darleneharper@example.org,1128.61,2025-03-20,Inactive
155,Gavin Zhang,caseyhubbard@example.org,7299.02,2024-11-17,Inactive
156,Robin Hall,kristinacarlson@example.com,6081.78,2025-06-07,Active
157,Brianna Anderson,lauren10@example.org,3882.69,2025-08-13,Active
158,Richard Young,alfred40@example.org,2584.49,2025-12-26,Inactive
159,Kelly Reese,xwest@example.net,66.83,2025-07-05,Blocked
160,Jodi Walker,acostaregina@example.net,7208.33,2026-01-29,Blocked
161,Judith Maynard,lutzmelanie@example.com,6722.75,2025-01-07,Inactive
162,Katherine Browning,lammarc@example.org,746.24,2025-11-11,Inactive
163,Donald Schultz,oscar98@example.com,6250.4,2025-11-10,Active
164,Larry Garcia,farrelldebra@example.net,7211.55,2024-11-03,Blocked
165,Cindy Hayes,robertwilcox@example.com,3127.38,2025-02-22,Inactive
166,Brandon Simmons,nicholas27@example.org,4053.88,2024-10-29,Blocked
167,Bradley Reynolds,lisa80@example.net,1316.51,2025-03-06,Blocked
168,Kristina Santiago,qgomez@example.com,9406.62,2025-11-24,Blocked
169,Michelle Schmitt,michael98@example.org,9032.92,2025-09-22,Blocked
170,John Boone,megan51@example.com,3044.45,2025-07-15,Active
171,Renee Bruce,lynchdiane@example.net,3073.56,2024-08-03,Inactive
172,Christopher Park,sandra50@example.org,7868.3,2025-09-13,Blocked
173,Kylie Morales,joycebonilla@example.org,3256.38,2025-03-28,Inactive
174,Cindy Barnes,eric45@example.net,6772.49,2025-06-07,Inactive
175,Sophia Moore,craigjoseph@example.net,7947.67,2026-03-26,Blocked
176,Lawrence Perry,kariwilson@example.com,1738.43,2024-03-27,Inactive
177,Michael Watkins,brandon69@example.org,5178.75,2025-10-10,Blocked
178,Eric Clark,kathrynroberts@example.org,3385.12,2026-02-08,Active
179,Paul Thompson,opatel@example.net,6744.32,2024-08-18,Active
180,Mary Gomez,chensley@example.com,1516.17,2024-02-17,Active
181,Thomas Atkins,tberry@example.net,9840.16,2025-09-17,Active
182,Brian Smith,george97@example.net,4581.39,2025-10-06,Blocked
183,Anita Richard,ryanmorales@example.org,1984.63,2025-12-14,Inactive
184,Eric Morgan,kimberly18@example.net,4969.05,2024-09-06,Active
185,Jordan Bullock,michael23@example.org,6577.78,2024-01-06,Active
186,Craig Morrison,thompsonkendra@example.com,7795.28,2024-08-12,Active
187,Justin Riley,michelle52@example.com,8050.89,2025-12-13,Blocked
188,Jeremy Turner,brittany58@example.org,4672.27,2025-07-24,Active
189,Jesse Brown,chase19@example.net,9178.83,2024-05-04,Inactive
190,Julie Spencer,colelisa@example.net,1376.72,2025-04-20,Blocked
191,Larry Mason,hayeslisa@example.com,5334.76,2025-07-26,Blocked
192,Mrs. Maria Williams,hritter@example.net,3207.11,2026-02-12,Inactive
193,Helen Hardin,vortiz@example.net,6145.89,2026-01-06,Blocked
194,Rachel Holland,riveraangela@example.com,4296.07,2025-07-15,Inactive
195,Nathaniel Douglas,mathewaguilar@example.org,8977.22,2026-01-31,Inactive
196,Emily Douglas,tanderson@example.org,4528.19,2026-02-08,Active
197,James Conner,elizabethcalderon@example.net,8406.64,2024-10-10,Blocked
198,Susan Davis DDS,andrew42@example.org,4871.74,2024-09-01,Inactive
199,Ralph Lee,ericphillips@example.org,4426.73,2025-12-31,Inactive
200,Kimberly Rodgers,stanleynancy@example.net,2383.21,2024-12-09,Inactive
201,James Martin,jenniferwilliams@example.com,8935.62,2024-03-23,Active
202,Cynthia Wallace,karen73@example.net,1550.77,2025-01-27,Blocked
203,Vincent Mueller,michealvalentine@example.com,1570.41,2024-08-07,Active
204,Douglas Reyes,mburch@example.net,4177.94,2024-12-04,Blocked
205,David Davidson,angela18@example.org,4685.95,2024-03-04,Active
206,Phillip Nelson,mariahdavis@example.org,8337.27,2025-02-02,Blocked
207,Stacey Arias,gbrown@example.com,9463.32,2024-01-21,Blocked
208,Zachary Brooks,florescory@example.net,3834.79,2024-01-07,Inactive
209,Raven Taylor,samantha72@example.net,3021.2,2025-02-03,Inactive
210,Luis Bullock,scottmary@example.net,5405.29,2026-01-22,Blocked
211,Lisa Henderson,john10@example.org,8008.69,2024-08-13,Inactive
212,Riley Bryant,copelandvincent@example.net,2233.25,2025-03-22,Inactive
213,Jose Allen,kellysmith@example.com,338.8,2024-12-10,Blocked
214,Jason Beck,millsmichael@example.net,6807.46,2025-02-18,Blocked
215,Rachel Romero,myerstheodore@example.net,1692.2,2025-04-23,Active
216,James Burgess,kristina53@example.net,9808.18,2025-06-30,Active
217,Ashley Perkins,dennis58@example.com,9073.94,2025-08-29,Blocked
218,Carrie Maxwell,epollard@example.net,6646.85,2024-03-26,Blocked
219,Chad Baldwin,mjohnson@example.org,4314.7,2025-04-17,Active
220,Stacey Stewart,zachary87@example.com,550.33,2025-01-23,Inactive
221,Matthew Mitchell,glennmartin@example.org,2156.02,2024-11-30,Inactive
222,Jessica Ross,ykline@example.com,7624.24,2025-01-23,Inactive
223,Kathleen Jimenez,laurie61@example.com,7532.5,2025-03-07,Inactive
224,Samantha Gardner,curtis54@example.com,8357.36,2025-04-26,Active
225,Mitchell Jackson,cbell@example.net,7502.79,2024-02-23,Inactive
226,Heather Bolton,danielle01@example.net,2281.01,2024-03-11,Blocked
227,Heidi Owen,stephaniethomas@example.net,450.57,2024-02-01,Active
228,Jessica Martinez,kimberlydiaz@example.com,2033.64,2024-01-21,Blocked
229,Amanda Hernandez,xrush@example.com,1566.2,2024-05-09,Inactive
230,Laura Moreno,redwards@example.org,6711.12,2025-07-31,Active
231,Allison Lopez,hmcintyre@example.com,4677.09,2024-09-19,Inactive
232,Michele Lewis,heather73@example.org,1719.5,2025-09-13,Blocked
233,Benjamin Thompson,zosborn@example.net,7197.65,2026-03-07,Active
234,Victoria Contreras,piercekelly@example.com,9648.97,2024-04-20,Blocked
235,Michelle Ho,laurahicks@example.org,305.5,2024-11-15,Blocked
236,Dr. Cynthia Snyder,angela57@example.net,6789.61,2025-01-19,Inactive
237,Stephen Jones,ukey@example.com,9417.63,2024-07-22,Active
238,Patricia Morrow,martinezlogan@example.org,5941.37,2025-10-04,Active
239,Michael Cooper,katrinaanderson@example.net,1063.92,2026-03-02,Inactive
240,Amy Martinez,kevinmartin@example.net,8510.42,2025-09-06,Active
241,Travis Stone,meghan43@example.net,7972.46,2025-08-02,Active
242,Denise Weber,shawgary@example.net,3504.68,2025-03-14,Blocked
243,Matthew Le,megan90@example.org,3737.18,2025-06-02,Blocked
244,Travis Wise,debra96@example.net,3445.25,2025-03-06,Inactive
245,Kathleen Burton,dawn47@example.org,1100.11,2025-01-05,Blocked
246,Melinda Evans,barkereric@example.com,8921.17,2025-04-15,Blocked
247,Mr. Lawrence Edwards,jessica56@example.org,1572.26,2024-06-29,Blocked
248,Kayla Rodriguez,stevenadams@example.org,5241.38,2025-10-28,Inactive
249,Anthony Dougherty,kwright@example.com,6178.33,2025-07-05,Inactive
250,Michelle Lee,tyronerobertson@example.com,4675.49,2026-01-18,Blocked
251,Kathleen Davis,pwagner@example.org,2720.54,2024-09-08,Active
252,Amber Campbell,amitchell@example.org,2825.34,2025-04-06,Active
253,Stephen Luna,zdiaz@example.org,7517.24,2025-08-06,Blocked
254,Chloe Tran,hughesshannon@example.net,6698.48,2024-12-10,Active
255,William Becker,andersoncolin@example.com,4968.35,2024-11-28,Active
256,Gina Mcmillan,jameshicks@example.net,4901.12,2024-12-29,Inactive
257,Andrew Reeves,jstone@example.net,3436.37,2025-09-02,Blocked
258,Brenda Velazquez,francisco94@example.net,8807.07,2025-07-23,Active
259,Ronald Patel,thomas05@example.com,5190.44,2024-07-14,Active
260,Veronica Silva,carlsonjoseph@example.net,2451.49,2025-02-20,Inactive
261,Paula Lane,silvageorge@example.net,5574.0,2024-09-03,Blocked
262,Patricia James,anthonyvaughan@example.org,4787.13,2025-12-29,Inactive
263,Jeremy Barnes,avaughn@example.net,4509.34,2024-01-18,Active
264,Tami Salas,thorntonapril@example.net,2977.64,2025-02-18,Blocked
265,Matthew Fox,sue78@example.com,2470.89,2025-11-10,Blocked
266,Megan Dillon,chelsea33@example.com,3721.75,2025-07-20,Blocked
267,Courtney Dudley,kellie37@example.com,3470.39,2026-02-02,Blocked
268,Justin Michael,keith98@example.com,3341.37,2025-12-20,Inactive
269,Jennifer Reed,kellyroberts@example.net,2745.62,2024-09-14,Active
270,Thomas Douglas,ilewis@example.com,1250.53,2024-07-16,Inactive
271,Melissa Taylor,johnsantiago@example.net,1239.57,2025-07-02,Blocked
272,David Garcia,jennifer12@example.org,1892.24,2024-08-09,Blocked
273,Vanessa Moore,mwoods@example.com,4867.78,2026-01-11,Blocked
274,Matthew Velez,pearsonjesse@example.net,9767.24,2025-06-21,Blocked
275,Taylor Gentry,robertmonroe@example.org,2865.84,2024-04-12,Active
276,Jennifer Simpson DVM,nancy04@example.net,2997.65,2025-01-04,Active
277,Tanya Rogers,ihays@example.net,3057.56,2025-12-26,Blocked
278,Todd Rosales MD,lisarivera@example.net,1309.5,2024-02-16,Active
279,David Lopez,krystal93@example.org,5555.92,2025-12-15,Active
280,Margaret Sullivan,frobertson@example.com,6396.8,2026-02-09,Inactive
281,Cathy Taylor,shari04@example.com,1070.75,2024-01-13,Blocked
282,Paul Finley,brandi90@example.com,2879.18,2025-05-05,Inactive
283,Melissa Brown,marshallerik@example.net,3440.02,2024-02-22,Inactive
284,Stephanie Padilla,hannah45@example.net,9413.58,2025-05-04,Active
285,Tyler Mendoza,madkins@example.com,8230.05,2025-02-14,Inactive
286,Joshua Ruiz,kathleenbecker@example.net,787.12,2025-10-06,Blocked
287,Angela Griffin,christian91@example.org,583.41,2024-06-01,Blocked
288,Stephanie Harris,franklinbond@example.com,9493.8,2024-03-28,Active
289,Daniel Aguilar,nolansean@example.org,1228.59,2026-02-21,Inactive
290,Jose Bryant,hansenemily@example.com,6082.86,2026-03-20,Blocked
291,Jennifer Velasquez,bethwilliams@example.com,2295.59,2025-06-19,Inactive
292,Kimberly Brown,andersenthomas@example.com,4532.62,2025-03-29,Inactive
293,Randy Cannon,ybrooks@example.com,8608.66,2025-03-15,Inactive
294,Susan Bennett,desireebailey@example.org,5707.86,2024-03-02,Blocked
295,Jenna Anderson DVM,avilatiffany@example.com,9603.08,2024-04-11,Active
296,Kimberly Patel,johnreed@example.com,6273.87,2024-09-27,Blocked
297,Shaun Cannon,pachecorobert@example.org,857.82,2024-09-02,Active
298,Austin Wheeler,tharper@example.org,5542.32,2024-06-09,Active
299,Andrew Gonzales,karenparsons@example.org,4114.75,2025-12-06,Blocked
300,Donna Cabrera,barbara53@example.com,4725.63,2024-02-03,Active
301,Victoria Boyd,dturner@example.net,2916.64,2024-10-16,Blocked
302,Sheryl Buck,dpeters@example.com,8603.09,2024-03-13,Blocked
303,Megan Floyd,heather62@example.com,2372.57,2024-09-27,Blocked
304,Paul Wells,kevinzimmerman@example.com,5918.41,2024-07-21,Inactive
305,Kristina Faulkner,paulscott@example.com,1192.02,2024-08-18,Blocked
306,Tammy Boone,nicholsmaria@example.org,1532.44,2024-09-29,Active
307,Michael Morrison,lopezkathleen@example.net,760.53,2024-06-18,Inactive
308,Claire Clark,kevin03@example.org,5970.69,2025-08-05,Inactive
309,Autumn Key,srocha@example.net,4419.58,2025-04-24,Blocked
310,Jennifer Allen,kimberly67@example.net,3075.71,2025-02-16,Inactive
311,Elizabeth Ward,zowens@example.net,5029.7,2025-05-20,Inactive
312,Ryan Rocha,lawrence09@example.org,850.4,2024-02-10,Inactive
313,Alexis Tran,mphillips@example.com,7358.61,2025-09-10,Inactive
314,Kelly Sanchez,jonathan77@example.com,307.36,2024-08-22,Blocked
315,Robert Jackson,iwhite@example.net,8367.79,2025-08-12,Blocked
316,Kelly Combs,landryelizabeth@example.org,9510.32,2026-02-22,Blocked
317,Ryan Hall,albertwagner@example.com,8223.14,2025-08-13,Active
318,Mark Peck,bhopkins@example.org,7642.93,2024-06-28,Inactive
319,Jennifer Smith,amanda40@example.net,5213.69,2025-03-28,Inactive
320,Megan Drake,danieldavis@example.org,1855.82,2025-08-22,Inactive
321,Manuel King,joseph61@example.com,6366.11,2025-05-18,Active
322,Judy Sanchez,kevinclayton@example.org,4726.6,2025-02-22,Inactive
323,Shannon Malone,sullivannicholas@example.com,3244.53,2024-04-17,Active
324,Adam Jackson,pbruce@example.com,3331.55,2025-12-11,Inactive
325,Shannon Davis,hallrachel@example.net,2917.77,2025-02-14,Blocked
326,Karen Williams,cohenjuan@example.net,415.14,2024-03-31,Inactive
327,Amanda Mcfarland,alexis39@example.org,2561.37,2024-04-28,Inactive
328,Michelle Sanders,evansanne@example.net,8655.86,2024-01-02,Blocked
329,Jasmine Mosley,patrick21@example.net,8700.21,2025-04-18,Inactive
330,Haley Davis,marypeterson@example.net,589.33,2025-06-14,Inactive
331,Jennifer Ayala,walterskristen@example.com,6245.21,2025-05-25,Blocked
332,Henry Pugh MD,nmiller@example.com,4448.31,2024-02-22,Active
333,Michelle Miller,normanbowers@example.org,2707.21,2024-05-14,Inactive
334,Emily Rodriguez,hahnsean@example.com,4409.26,2025-12-16,Inactive
335,Brandon Jordan,fgarcia@example.com,1258.19,2025-10-07,Blocked
336,Linda Mueller,asmith@example.com,8003.17,2025-12-27,Active
337,Misty Hansen,ashleyjackson@example.com,3141.96,2024-01-15,Blocked
338,Derrick Adams,bryanhamilton@example.com,4109.51,2024-08-18,Active
339,Richard Ward,jennifersimpson@example.net,4641.41,2024-04-30,Blocked
340,Brian Torres,ncook@example.com,8329.82,2025-05-25,Blocked
341,Erin Cook,kevinmorrison@example.net,2954.02,2025-12-23,Inactive
342,Ernest Oconnell,kelly79@example.org,4184.13,2025-05-09,Inactive
343,Douglas Hartman,daniel93@example.net,2475.12,2025-07-18,Active
344,Catherine Saunders MD,nhahn@example.com,3866.68,2025-09-05,Blocked
345,Sandra Jones,ichambers@example.net,7475.61,2024-05-19,Active
346,David Moore,emccormick@example.com,2798.66,2026-03-19,Inactive
347,Karen Morales DDS,ystephens@example.com,3431.76,2026-03-17,Blocked
348,Robin Wheeler,rodriguezjohn@example.net,2708.37,2024-01-03,Inactive
349,Matthew Williams,vrasmussen@example.com,7274.21,2025-08-24,Blocked
350,Brett Walker,seanmyers@example.net,9989.08,2025-05-16,Active
351,Kathryn Cooper,webbkenneth@example.org,4493.15,2025-05-10,Inactive
352,Todd Thomas,matthew38@example.com,3357.78,2026-02-20,Blocked
353,Brent Bowen,tflores@example.org,3803.24,2024-11-25,Active
354,Ashley Sweeney,byrdfrank@example.net,9808.71,2024-09-01,Blocked
355,Christopher Moore,omullen@example.com,3860.56,2026-03-05,Inactive
356,Charlotte Sandoval,njohnson@example.org,484.29,2026-02-01,Inactive
357,Jeffrey Smith,jamiegoodwin@example.org,7067.02,2025-01-25,Inactive
358,Rebecca Herrera,mark71@example.com,9884.72,2026-03-22,Blocked
359,Katherine Church,candice96@example.net,9809.14,2025-05-22,Active
360,Harold Ellis,lisamccarthy@example.com,1306.15,2025-08-27,Inactive
361,Leslie Powers,david41@example.org,8703.52,2025-03-26,Active
362,Charles Price,baileyhenderson@example.com,5283.21,2025-04-12,Active
363,Melissa Brewer,angelaburns@example.org,7238.32,2025-02-23,Blocked
364,Ryan Harvey,stephanie72@example.org,9701.07,2024-03-17,Inactive
365,Tracey Wagner,fortiz@example.com,7826.18,2024-09-28,Inactive
366,Jill Jackson,flynnjeffrey@example.org,6251.43,2025-02-11,Blocked
367,Joshua Jackson,xcunningham@example.com,849.14,2024-12-02,Blocked
368,Ashley Wilson,amber07@example.net,8600.45,2025-01-24,Inactive
369,Jeffery Fitzgerald,kennethkidd@example.com,6286.65,2026-02-16,Inactive
370,Scott Miller,rowejoel@example.net,8730.21,2024-02-06,Blocked
371,Heather Page,imartin@example.org,730.79,2025-10-08,Blocked
372,Renee Hudson,candice25@example.net,9213.24,2024-08-20,Blocked
373,Kenneth Farley,taylorkaren@example.com,949.27,2024-04-10,Blocked
374,Wendy Camacho,jacquelineanderson@example.org,7053.71,2024-04-12,Inactive
375,Sandra Juarez,kburns@example.net,1705.33,2024-11-02,Active
376,Jason Hayes,powellkara@example.net,507.61,2026-03-26,Active
377,Jackie Clements,brandi17@example.net,2969.01,2025-01-18,Inactive
378,Heather Brown,brobinson@example.org,1498.42,2025-06-27,Inactive
379,Frank Campbell MD,ashleewashington@example.com,5680.98,2026-03-22,Active
380,Pamela Williams,ksmith@example.com,1741.34,2024-03-21,Blocked
381,William Patterson,nicoleturner@example.com,8714.85,2025-09-26,Blocked
382,Isaac Miller,brettgarrett@example.net,2446.26,2025-08-20,Active
383,Cynthia Rios,smiththomas@example.org,2360.28,2025-10-15,Inactive
384,Kelly Wallace,dominguezlisa@example.com,4622.73,2025-11-13,Active
385,Karen Perez,crosscurtis@example.com,8994.14,2025-04-21,Inactive
386,Edwin Reyes,darlenebyrd@example.org,6792.23,2024-06-10,Active
387,Alejandra Santos,nbell@example.net,4445.21,2024-12-19,Blocked
388,Tamara Jensen,fheath@example.org,3026.58,2025-03-10,Blocked
389,Bryce Blair,sylvia52@example.org,2538.48,2024-11-05,Active
390,Bradley Tran,kimberly04@example.org,9993.77,2025-05-09,Active
391,Katrina Adkins,debbie37@example.com,2410.2,2025-08-08,Inactive
392,Jonathan Wheeler,hatfieldsarah@example.org,5769.38,2025-12-17,Inactive
393,Ryan Fisher,kathrynbest@example.org,268.3,2025-11-05,Inactive
394,Austin Baker,livingstonstacy@example.com,2781.08,2025-08-02,Blocked
395,Lori Mason,zhenderson@example.org,7794.2,2024-02-20,Blocked
396,Kimberly Hernandez,collinswilliam@example.org,7464.46,2024-10-20,Active
397,Brittney Murphy,collinssamuel@example.org,6090.3,2024-12-26,Active
398,Brandon Hamilton,dsalazar@example.com,6384.35,2025-09-27,Inactive
399,Mary Thompson,zimmermanjacqueline@example.org,6793.76,2026-01-08,Blocked
400,Gregory Holmes PhD,gary24@example.net,6824.51,2024-05-20,Blocked
401,Patricia Johnson,enelson@example.com,1016.78,2025-10-04,Blocked
402,Laura Jones,ddixon@example.com,442.25,2026-03-18,Inactive
403,Carol Moore,shannonemily@example.org,381.98,2025-01-08,Blocked
404,Jordan Williams,sanchezthomas@example.com,1357.55,2024-10-29,Inactive
405,Cassidy Horne,tranrobin@example.net,7487.43,2024-06-28,Active
406,Courtney Wright,joseph19@example.com,1364.99,2025-07-06,Inactive
407,Michael Williams,lindajarvis@example.com,5331.98,2024-10-06,Active
408,John Campbell,mark87@example.org,2606.85,2025-05-08,Inactive
409,Eddie Mueller,stevenvargas@example.com,7478.27,2024-12-12,Active
410,Dr. Morgan Payne PhD,adamortiz@example.org,4709.9,2024-03-18,Active
411,Makayla Steele,tapiaaaron@example.net,7553.81,2024-08-19,Blocked
412,Oscar Parker,alyssaallen@example.com,7255.96,2025-02-10,Blocked
413,Valerie Thomas,christopher38@example.com,3689.46,2026-03-20,Inactive
414,Jacqueline Villegas,carpenterwilliam@example.net,188.49,2025-07-03,Active
415,Angela Bradley,ibates@example.org,4575.12,2025-11-19,Blocked
416,Samuel Howe,vhaynes@example.com,6739.79,2025-08-21,Inactive
417,Dillon Jones,derekcarrillo@example.org,8233.05,2025-01-15,Active
418,Christopher Owens,wmartinez@example.org,6764.62,2025-04-27,Active
419,John Phelps,mooregina@example.net,6214.49,2025-07-28,Inactive
420,Amanda Huff,eddie35@example.com,9156.8,2024-08-14,Blocked
421,Megan Green,anthonysullivan@example.com,679.01,2025-04-20,Blocked
422,Krista Davis,laradonald@example.org,3056.79,2025-02-22,Active
423,Richard Walker,madisonwatson@example.net,1440.78,2024-02-08,Inactive
424,Angela Willis,johnsoncaleb@example.net,9959.48,2024-04-28,Active
425,Carl Stein,david70@example.org,2386.26,2025-07-04,Active
426,Jessica Ramsey,rjohnson@example.com,3917.03,2025-01-14,Blocked
427,Daniel Lopez,sean20@example.net,9496.34,2025-12-14,Blocked
428,Danielle Phillips,eandrade@example.org,4220.31,2026-01-30,Blocked
429,James Barnes,crystalpham@example.org,1587.5,2025-02-28,Blocked
430,Rachael Howard DDS,kcooper@example.net,1035.27,2025-05-16,Blocked
431,Devin Johnson,anthonycochran@example.com,4110.75,2024-10-13,Active
432,William Moreno,terrigarcia@example.net,6918.29,2024-08-10,Inactive
433,Joseph Moody,gallagherstacie@example.net,4474.72,2024-08-29,Inactive
434,Rebecca Kelly,gregorywatkins@example.net,1038.58,2025-12-03,Inactive
435,Suzanne Johnson,stacey92@example.net,5467.44,2025-10-22,Inactive
436,Sara Cochran,lweaver@example.com,652.47,2024-10-09,Active
437,Anthony Guzman,foxaaron@example.net,9683.66,2025-04-10,Active
438,Carlos Love,brian29@example.net,6644.55,2025-10-19,Blocked
439,Patricia Mathis,susan56@example.net,5991.6,2024-01-22,Active
440,Eric Taylor,jessicakim@example.net,7878.61,2024-09-06,Active
441,Marie Thompson,jeffrey92@example.com,7880.43,2024-07-29,Active
442,Michael Anderson,rushstacy@example.com,8306.69,2025-07-21,Active
443,Patricia Bradley,carriemccall@example.net,5884.51,2024-08-26,Inactive
444,Keith Zuniga,markmiller@example.com,7754.97,2026-03-18,Blocked
445,Mrs. Stacey Davis,sean43@example.org,78.21,2024-05-28,Active
446,Hayley Buchanan,williamssamuel@example.com,5425.14,2026-03-28,Active
447,Stacey Snyder,ybell@example.org,1143.77,2024-01-27,Active
448,Rachel Lane,franciscojones@example.org,197.86,2026-03-19,Active
449,Fernando Lynn,petersonpamela@example.org,5909.09,2024-01-17,Active
450,Kimberly Villanueva,morgantricia@example.com,2690.41,2024-05-09,Blocked
451,Jessica Valdez,gmoore@example.com,4238.56,2024-04-26,Blocked
452,Colton Terry,donna43@example.org,682.4,2025-04-04,Inactive
453,Kenneth Larsen,briansmith@example.org,5156.72,2024-04-21,Inactive
454,Matthew Greene,collinclark@example.net,5063.19,2025-09-21,Active
455,Bradley Anthony,kristen77@example.net,7286.07,2025-11-05,Blocked
456,Martin Hughes,nicole52@example.com,3051.22,2025-10-20,Active
457,Jeremiah Baker,anne21@example.org,655.21,2025-05-05,Inactive
458,Rhonda Gutierrez,angelarandall@example.net,4291.42,2024-04-20,Inactive
459,Joseph Camacho,parmstrong@example.com,7138.39,2025-03-30,Active
460,James Nash,shawrachel@example.net,8997.7,2024-11-25,Blocked
461,Lisa Martinez,kthompson@example.org,1525.92,2024-05-09,Inactive
462,Beth Henderson,oharris@example.org,6261.96,2025-08-22,Blocked
463,Deanna Bartlett,millerangela@example.net,7135.92,2025-01-25,Blocked
464,Donald Ellis,buchanancindy@example.net,5329.04,2025-04-09,Blocked
465,Ashley Hernandez,buckleyanna@example.org,6074.0,2024-04-11,Blocked
466,Sharon Beard,pbaker@example.com,1188.42,2025-11-01,Blocked
467,Kara Jackson,mthomas@example.net,8783.18,2025-07-18,Blocked
468,Amanda Preston,hannah07@example.com,8661.65,2025-03-16,Inactive
469,Alicia Roth,larry71@example.org,8886.51,2025-02-27,Inactive
470,William Ramos,joseph69@example.net,8282.82,2025-02-12,Inactive
471,Jeremy Mcintyre,wfigueroa@example.net,7309.64,2024-11-16,Inactive
472,Samantha Robertson,cameronmckinney@example.com,3159.61,2024-09-18,Inactive
473,Samuel Suarez,thompsonnancy@example.org,9538.25,2025-12-04,Inactive
474,Danielle Bryant,janet45@example.com,717.98,2024-03-28,Active
475,Madison Martinez,allentracy@example.com,4347.17,2026-02-01,Blocked
476,Seth Matthews,max41@example.com,3757.84,2024-05-13,Blocked
477,Anthony Nash,mercedesholland@example.net,646.81,2025-07-29,Blocked
478,Matthew Palmer,wellsdavid@example.org,3329.98,2024-05-05,Inactive
479,Alejandra King,jennifer46@example.com,3568.3,2025-11-12,Inactive
480,Judy Robinson,erica96@example.net,8687.52,2026-01-08,Active
481,Jorge Bates,anna99@example.com,9685.57,2025-09-06,Inactive
482,Brian Brown,danielle44@example.net,3548.88,2025-08-14,Blocked
483,Stephanie Evans,zacharyallen@example.org,2166.75,2025-11-03,Inactive
484,Rebekah Greene,erin07@example.com,2281.24,2024-04-20,Inactive
485,Jason Price,aguilarwanda@example.org,8461.47,2025-01-11,Active
486,Micheal Parks,qknox@example.com,7637.93,2025-08-10,Active
487,Sarah Pittman,kellyruiz@example.net,8081.85,2025-07-28,Blocked
488,Robert Hines,staceylam@example.net,6155.05,2025-10-20,Blocked
489,Henry Garner,robert55@example.com,311.23,2025-11-04,Blocked
490,Julie Wilson,delacruzbrandy@example.net,2711.1,2024-07-03,Inactive
491,Steve Mason,amoreno@example.org,7041.85,2024-11-12,Inactive
492,Brittany Gay,robert97@example.org,3542.68,2024-07-04,Active
493,Mike Maxwell,lcook@example.com,5684.89,2025-02-14,Active
494,Abigail Hill,barbaramoore@example.org,1461.65,2025-10-10,Active
495,Jeffrey Jordan,ysanford@example.org,962.99,2025-06-27,Active
496,Curtis Watson,mcclainkatherine@example.net,3793.13,2025-04-09,Inactive
497,Michael Sims,jeremywiley@example.com,1616.22,2024-11-15,Blocked
498,James Chapman,cameronwilliams@example.com,3277.61,2025-08-04,Blocked
499,Joseph Warren,ibarron@example.com,895.32,2024-02-23,Active
500,Katherine Christensen MD,osmith@example.net,1616.23,2025-09-24,Active
501,Mrs. Alison Wagner,richardsondebra@example.org,6755.99,2024-10-05,Inactive
502,Martin Wise,wheelerbrandon@example.org,6636.29,2025-05-12,Blocked
503,Alicia Norris,hwallace@example.net,4448.34,2024-10-06,Active
504,Michael Harris,turnerdorothy@example.net,7561.68,2024-04-26,Inactive
505,Lisa Haynes,grivas@example.net,4327.64,2024-10-17,Blocked
506,Autumn Wilson,jimenezchelsea@example.com,6800.94,2025-05-13,Blocked
507,Valerie Howard,cphillips@example.net,6687.97,2024-02-16,Active
508,Daniel Fitzpatrick MD,smithchristopher@example.org,3982.87,2025-09-05,Active
509,Maureen Hernandez,chancharles@example.net,126.49,2024-11-04,Active
510,David Hall,joseph01@example.org,7685.13,2026-02-21,Inactive
511,Sarah Ward,ronald11@example.org,2930.0,2024-05-02,Active
512,Charles Holland,michael79@example.com,4998.98,2025-03-16,Active
513,Anna Briggs,danielross@example.com,1335.4,2025-06-29,Blocked
514,James Jefferson,zbanks@example.org,2339.6,2025-07-26,Blocked
515,Michael Brown,dalepruitt@example.com,8071.69,2024-03-14,Inactive
516,Meghan White,nmaxwell@example.org,8624.56,2024-02-13,Inactive
517,Sheryl Acosta,timothyfreeman@example.com,236.48,2024-03-20,Inactive
518,Arthur Pena,busherica@example.net,5778.8,2025-08-10,Inactive
519,Krystal Levine,april91@example.com,7109.51,2025-03-03,Inactive
520,Danielle Reed,jhernandez@example.net,1195.98,2024-01-22,Inactive
521,Mason Moore,kchristian@example.org,1760.14,2025-09-24,Inactive
522,Erica Rivera,brent38@example.net,8328.66,2025-01-05,Active
523,Robert Miller,csolis@example.org,4395.28,2024-04-18,Active
524,Jillian Wilson,bmcgee@example.org,4384.98,2025-02-14,Blocked
525,Andrew Dunn,connersylvia@example.net,832.54,2024-11-13,Blocked
526,Jordan Clark,xclements@example.org,3428.16,2024-12-07,Active
527,Sarah Rivera,xmoran@example.net,809.97,2025-10-10,Active
528,Brent Hopkins,petersonmaria@example.com,5329.52,2024-07-17,Inactive
529,Jacqueline Rodriguez,travisunderwood@example.net,3543.44,2025-10-22,Active
530,Ashley Carr,davidphelps@example.org,2400.88,2024-05-29,Inactive
531,Richard Love,shermanbrandon@example.net,2012.85,2025-09-08,Active
532,Leah Barton,lellis@example.net,7614.14,2025-11-02,Active
533,Jonathan Moreno,tranryan@example.net,1812.6,2026-03-02,Blocked
534,Mr. Thomas Thompson,jessicaanderson@example.com,4966.46,2026-02-11,Blocked
535,Lisa Morris,mbarnes@example.net,7610.78,2025-04-04,Blocked
536,Denise Stuart,shawn22@example.com,9245.33,2025-08-01,Blocked
537,Stacey Hunt,jennifer83@example.org,6371.22,2025-10-01,Inactive
538,Miguel Parks,tinasantos@example.org,8649.26,2025-10-04,Inactive
539,Melissa Morris,hodgesanna@example.net,1552.03,2024-03-10,Inactive
540,Mary Butler,natalie60@example.net,4449.97,2024-11-06,Inactive
541,James Brown,gonzalezkaren@example.org,5934.63,2024-12-26,Blocked
542,Miss Brianna Brown,james80@example.com,788.2,2025-04-17,Inactive
543,Ashley Parrish,juliahoffman@example.org,424.19,2025-01-12,Inactive
544,Rebecca Horton,housepaul@example.net,813.47,2024-04-02,Blocked
545,Juan Smith,james73@example.net,5961.09,2025-01-28,Inactive
546,Maria Fischer,kimberlybrandt@example.com,5824.28,2026-03-21,Blocked
547,William Jones,jillwilson@example.org,8963.97,2025-04-05,Blocked
548,Justin Anderson,adam72@example.org,6535.78,2024-11-25,Blocked
549,Frank Williams,tracy98@example.com,4782.51,2024-06-03,Active
550,Michael Fox,abigailhartman@example.org,4532.7,2024-12-17,Blocked
551,Joshua Davis,nicolealvarado@example.com,889.07,2025-10-23,Active
552,Daniel Goodwin,wbarajas@example.net,439.46,2025-12-25,Inactive
553,Michael Griffin,susanfleming@example.com,9910.31,2025-06-20,Blocked
554,Robert Wilson,amber40@example.net,6117.56,2025-01-07,Inactive
555,Jaime Lang,stucker@example.net,9183.47,2025-01-31,Inactive
556,Jose Vaughan,teresaayala@example.net,7755.92,2025-11-26,Blocked
557,Austin Santiago,michellecoleman@example.org,571.04,2025-10-08,Blocked
558,Ronald Johns,elucas@example.net,3379.76,2024-12-03,Active
559,Allison Love,millerbrian@example.com,5601.73,2025-01-30,Inactive
560,Laura Perez,rickey76@example.com,2557.36,2025-11-03,Blocked
561,James Wilson,maychristine@example.net,8739.13,2024-12-07,Active
562,Mercedes Jones,robertsgina@example.net,5848.26,2024-05-24,Inactive
563,Preston Kim,bshort@example.com,3136.81,2025-11-02,Blocked
564,Daniel Francis,susan24@example.net,6638.24,2024-05-12,Blocked
565,Traci Camacho,susan08@example.net,7102.9,2024-03-27,Inactive
566,Andrew Armstrong,fmedina@example.com,5611.27,2025-10-20,Inactive
567,Patrick Swanson,robertbrewer@example.net,8141.19,2025-11-17,Blocked
568,Clinton Jensen,james29@example.org,8298.14,2026-01-26,Blocked
569,Tara Gamble,enewman@example.com,9128.86,2024-04-05,Blocked
570,Danielle Gonzalez,wlynn@example.org,6721.04,2025-06-04,Inactive
571,Cynthia Mitchell,mcculloughlouis@example.com,231.39,2024-11-12,Active
572,Matthew Steele,arianadiaz@example.com,9514.13,2024-12-15,Inactive
573,Caroline Edwards,jenniferdavidson@example.com,1960.45,2024-05-20,Active
574,Brandy Quinn,wford@example.com,817.79,2026-03-18,Active
575,Mr. Matthew Miller,michele28@example.org,5101.51,2025-07-06,Blocked
576,Stephen Jones,mcclainmelissa@example.net,8842.64,2024-02-08,Blocked
577,Kevin Sullivan,rebeccaarnold@example.net,3400.81,2026-02-23,Blocked
578,Kimberly Valdez,michaelwalker@example.net,1353.94,2025-01-20,Active
579,Donna Marshall,sanderswayne@example.net,1664.36,2025-12-10,Blocked
580,Victor Holden,katherinetaylor@example.org,8099.99,2024-06-18,Blocked
581,Travis Hopkins,jillwebb@example.com,4404.85,2025-02-24,Inactive
582,Philip Hall,mike03@example.net,6779.81,2024-08-31,Inactive
583,Heather Harrison,ckeith@example.net,6125.42,2026-02-09,Blocked
584,Michael Boyd,mary49@example.net,7848.81,2024-08-27,Blocked
585,Jamie Gray,blacknicholas@example.org,2429.73,2026-03-14,Inactive
586,Heather Parrish,msparks@example.org,9044.54,2024-07-17,Inactive
587,Brenda Martin,robertsonjuan@example.org,6799.15,2025-08-07,Inactive
588,Jack Love,guerrerorobert@example.com,4643.72,2024-10-15,Inactive
589,Karen Mendoza,brittanyholland@example.com,5053.92,2025-03-04,Active
590,Andrew Berry,dennishunt@example.net,8178.07,2026-03-31,Blocked
591,Christopher Nielsen,kgreene@example.net,1427.07,2024-09-13,Active
592,Nathan Stanley,stacey37@example.net,6429.73,2025-01-15,Blocked
593,Sharon Jackson DVM,laurahoover@example.org,9346.22,2025-12-29,Blocked
594,Kayla Jackson,sandra99@example.org,8519.1,2024-10-18,Active
595,James Rodriguez,alexandrablankenship@example.net,7643.01,2024-10-06,Inactive
596,Chase Davis,mvalenzuela@example.org,9057.8,2024-05-30,Inactive
597,Kim Goodwin,olsondavid@example.net,962.55,2024-08-15,Inactive
598,April Pace,xboyd@example.org,8852.07,2024-01-28,Inactive
599,Jessica Mays,yclarke@example.com,579.91,2025-05-29,Inactive
600,Natalie Juarez,colemanjonathan@example.org,2395.99,2024-03-24,Inactive
601,Angela George,ascott@example.net,2284.16,2024-11-22,Active
602,Adrienne Mills,brooksjamie@example.com,8399.8,2025-10-27,Inactive
603,Brian Simmons,jose86@example.net,7924.24,2024-05-20,Active
604,Donald Becker,robertbowers@example.com,2904.45,2025-04-28,Blocked
605,Justin Webb,becky62@example.net,8319.55,2026-02-16,Blocked
606,David Logan,craigromero@example.com,4717.65,2025-09-22,Active
607,Lisa Cohen,martintamara@example.org,9063.28,2024-01-20,Inactive
608,Samantha Ruiz,qdavis@example.org,2195.76,2024-06-02,Blocked
609,Lee Ramsey,hmendez@example.com,9405.25,2025-09-15,Blocked
610,Linda Bautista,daniellegonzales@example.org,4261.38,2026-03-05,Inactive
611,Tara Holmes,arthurgreene@example.net,2414.52,2024-05-04,Active
612,Lisa Craig,john02@example.org,2422.47,2025-10-16,Blocked
613,Penny Gomez MD,aprilmclaughlin@example.org,4598.28,2024-04-23,Inactive
614,Krista Barber,michael43@example.net,5987.55,2024-01-17,Blocked
615,Jordan Powell,greenrichard@example.org,5177.99,2024-09-04,Blocked
616,Kathy Morgan,prattsue@example.net,1478.59,2025-03-15,Active
617,Laura Benson,xhart@example.org,6167.36,2024-09-03,Blocked
618,Tonya Ellis,bmosley@example.com,4194.85,2025-11-11,Blocked
619,Austin Schultz,ericahall@example.com,901.86,2025-01-04,Active
620,Harry Nichols,john16@example.net,9536.37,2025-07-11,Blocked
621,Gloria Spencer,thomasgomez@example.net,7874.8,2025-06-03,Blocked
622,Travis Vega,victorgonzalez@example.net,252.33,2025-04-26,Active
623,Derek Perez,marykelly@example.org,6374.92,2025-01-17,Inactive
624,Blake Sosa,waustin@example.net,7485.8,2024-12-31,Active
625,Sarah Watson,travis94@example.com,3480.78,2026-01-20,Blocked
626,Phillip Dixon,kwalker@example.org,6301.16,2026-03-01,Blocked
627,Robert Mendoza,shawphillip@example.net,7365.11,2024-12-06,Active
628,Joyce Martinez,astewart@example.org,491.14,2025-07-13,Inactive
629,Jamie Garcia,chloe42@example.net,8144.41,2024-06-28,Blocked
630,Derrick Mullen,michael76@example.org,4673.0,2025-12-13,Inactive
631,Paul Diaz,lramirez@example.net,6335.77,2024-05-18,Active
632,Kenneth Perez,lelinda@example.net,7174.65,2025-04-13,Active
633,James Thomas,thomassmith@example.com,2969.75,2024-02-14,Active
634,Dr. Samuel Holmes DDS,jevans@example.net,8863.61,2024-11-19,Inactive
635,Brett Martin,lisawoods@example.net,5178.07,2025-07-10,Inactive
636,Patrick Green,ann45@example.org,2570.47,2026-02-10,Blocked
637,Gregory Frazier,barbarasantos@example.net,1951.48,2024-12-31,Active
638,Richard Kelly,champton@example.org,8664.69,2024-12-05,Inactive
639,Dustin Welch,mirandadavidson@example.com,1288.53,2025-01-11,Inactive
640,Logan Sullivan,millermatthew@example.com,8900.39,2026-01-31,Inactive
641,Eddie Adams,cnelson@example.com,8951.64,2025-01-30,Inactive
642,Kelly Cole,ivanjohnson@example.net,9738.55,2025-05-23,Blocked
643,David Manning,clarkrandy@example.org,5000.36,2026-03-27,Blocked
644,Shawn Kelley,wisealexandria@example.org,2703.87,2024-03-25,Blocked
645,Luke Miller,pparker@example.net,4273.77,2025-03-16,Blocked
646,Mark Anderson,anthonyalvarado@example.com,9951.23,2024-07-03,Blocked
647,Julie Pitts,amy28@example.org,2972.98,2024-04-15,Active
648,Joyce Curry,omills@example.net,3312.8,2024-10-29,Inactive
649,Gregory Fernandez,ramosmichael@example.com,4486.86,2026-01-04,Inactive
650,Adam Mills,mauriceharrison@example.org,1708.12,2025-03-30,Inactive
651,Katherine Campos,albert64@example.net,4498.94,2026-01-14,Inactive
652,Adam Brooks,bkhan@example.com,6167.77,2025-03-21,Inactive
653,Miguel Brewer,fwalker@example.com,6412.72,2026-03-21,Active
654,Kellie Marsh,justin84@example.com,796.66,2025-10-14,Inactive
655,Barry Taylor,walshchristine@example.com,3664.95,2026-03-31,Blocked
656,Katherine Flores,brandonnichols@example.org,6810.14,2024-02-01,Active
657,Diane Martinez,oacosta@example.org,8494.26,2025-11-25,Inactive
658,Johnny Peterson,kristi75@example.com,396.25,2024-03-09,Active
659,Amanda Miller,brianrowe@example.org,7796.23,2025-01-10,Inactive
660,Catherine Huang,lisa01@example.net,3859.4,2025-08-03,Active
661,Ray Ramos,gonzalezjill@example.org,6070.69,2025-11-26,Inactive
662,Vickie Kennedy,sharon20@example.net,9490.79,2025-01-15,Inactive
663,Kelly King,james03@example.org,7642.69,2025-08-10,Active
664,Jeffrey Smith,brenda63@example.org,5318.13,2025-02-11,Inactive
665,Lauren Vazquez,nathandavis@example.org,6513.13,2024-09-12,Active
666,Mr. George Booker DDS,browndeanna@example.net,307.84,2024-07-09,Inactive
667,Ashley Freeman,tina57@example.net,5201.57,2025-07-29,Active
668,Michael Howard,johnwilliams@example.net,2654.68,2024-09-23,Blocked
669,Edward Terry,ashleystephens@example.com,4490.42,2025-09-18,Inactive
670,Denise Guerra,caseymoore@example.com,6955.11,2025-05-17,Active
671,Kimberly Gibson,bgross@example.net,1270.24,2024-03-16,Inactive
672,Patty Allen,barrettamber@example.com,1767.93,2025-12-31,Inactive
673,Michael Cannon,chloemorris@example.net,9972.76,2025-11-29,Inactive
674,Brent Hopkins,conleydavid@example.org,6695.01,2025-12-27,Active
675,John Garcia,hbarrett@example.net,5522.47,2024-10-24,Inactive
676,Dawn Diaz,smithsamantha@example.net,8521.05,2025-12-29,Blocked
677,Steve Miller PhD,wardjulia@example.com,9276.88,2025-10-15,Active
678,Rebecca Brown,allison14@example.org,7947.28,2025-06-04,Active
679,Toni Davis,amandalopez@example.net,1257.56,2024-07-24,Active
680,Laura Meza,xreese@example.net,2405.53,2025-05-20,Active
681,Megan Park,kandrade@example.org,3640.92,2025-08-09,Inactive
682,Kathy Sandoval,umahoney@example.net,4700.69,2025-07-18,Active
683,Erika Watson PhD,umckenzie@example.net,6138.89,2024-03-29,Active
684,Joshua Brooks,michael77@example.com,3127.44,2026-01-04,Blocked
685,Andrew Mitchell,holmesvictoria@example.com,4812.72,2025-02-24,Inactive
686,William Lewis,andrew48@example.net,8242.23,2024-03-16,Active
687,Tammy Moore,stevenseric@example.com,9725.18,2025-10-19,Active
688,Kevin Hall,christopher69@example.org,4527.25,2025-11-27,Blocked
689,Misty Mcguire,tracynolan@example.net,3477.92,2026-03-09,Blocked
690,Susan Larson,benjamin96@example.org,6415.95,2024-07-05,Active
691,Tammy Cook,hbutler@example.org,4354.55,2024-02-26,Active
692,Sarah Mcfarland,hbrown@example.org,5205.12,2024-11-07,Active
693,Karl Murphy,ericnunez@example.com,1661.57,2025-12-27,Active
694,Nicole Johnston,walkerkeith@example.com,3492.93,2025-06-15,Inactive
695,George Alvarez,kelleyjose@example.com,8467.04,2024-09-13,Active
696,Patricia Anderson,timothygonzalez@example.com,6368.82,2025-07-18,Inactive
697,Christina Gilbert,johnadams@example.com,1295.44,2024-11-06,Blocked
698,Thomas Davis,whenderson@example.org,5358.11,2025-05-29,Blocked
699,Kirk Johnson,gary59@example.com,1727.93,2025-08-17,Active
700,Jessica Glass,jamesbrooks@example.net,1753.45,2025-10-01,Blocked
701,Ashley Brown,mistywilkins@example.org,9024.91,2024-12-11,Blocked
702,Robert Torres,njohnson@example.net,459.88,2024-01-30,Active
703,Christina Mills,ana92@example.net,502.34,2025-10-18,Blocked
704,Alicia Aguilar,scottbrian@example.org,2683.33,2024-08-03,Blocked
705,Lisa Brown,jonesdonna@example.net,4195.04,2025-10-16,Active
706,Mary Lin,carternicole@example.com,5005.48,2025-10-04,Blocked
707,James Bray,mckeetodd@example.net,2932.23,2024-11-05,Inactive
708,Charlotte Mason,tcastro@example.org,2486.54,2025-12-02,Inactive
709,Thomas Torres,klong@example.org,3009.47,2024-03-15,Blocked
710,Harold Garrett,wendyirwin@example.com,646.13,2025-03-26,Inactive
711,Lori Johns,raymondstacy@example.org,4868.3,2024-07-27,Inactive
712,Steven Sandoval,blairabigail@example.net,6086.27,2024-11-16,Blocked
713,Lori Perez,ashleysimmons@example.com,3227.2,2024-12-19,Inactive
714,Erin Daniels,denisecarpenter@example.net,1351.12,2025-01-14,Blocked
715,Shari Parker,russellstout@example.org,5638.43,2024-11-22,Active
716,Krystal Moore,grantstacy@example.org,4691.4,2024-09-30,Inactive
717,Ryan Thomas,cannonnicole@example.com,2516.79,2024-04-09,Active
718,Elizabeth Reese,edwin31@example.org,2937.61,2025-01-28,Blocked
719,Phillip Salazar,catherine93@example.net,4210.44,2024-06-12,Inactive
720,Michael Howard,manderson@example.com,9340.83,2026-01-08,Inactive
721,Jacqueline Christian,kwells@example.org,1938.85,2024-06-12,Inactive
722,Jason Novak,stephanie33@example.org,9959.9,2025-04-23,Inactive
723,Timothy Duke,dwatts@example.org,8796.8,2025-05-24,Active
724,Ricardo Franklin,zcortez@example.net,945.99,2025-02-06,Blocked
725,Laura Herrera,meyershannon@example.org,4599.44,2024-09-03,Active
726,Danielle Medina,grantzachary@example.net,5854.27,2024-02-19,Active
727,Cheryl Gonzales,kim47@example.org,2849.5,2025-09-03,Blocked
728,Louis Brown,stevenlucas@example.org,6741.58,2024-10-19,Blocked
729,Ashley Osborne,phillipmorris@example.org,131.37,2024-04-20,Inactive
730,Kevin Marquez,nicoledavis@example.com,1382.65,2024-09-27,Blocked
731,Susan Hogan,davisjasmin@example.net,3689.49,2025-02-16,Inactive
732,Joseph Cruz,nicholasjames@example.org,500.16,2024-02-22,Blocked
733,Krystal Keller,fernandothomas@example.net,5640.08,2025-01-06,Blocked
734,Eric Cross,lroberts@example.org,2921.59,2025-01-30,Blocked
735,Toni Smith,alexander77@example.net,4531.03,2025-07-17,Inactive
736,Lisa Snyder,briannaalvarez@example.com,8261.85,2025-09-30,Blocked
737,Kyle Smith,christine83@example.org,6129.88,2024-05-11,Active
738,Anthony Bailey,melissaestrada@example.net,3969.34,2026-03-24,Inactive
739,Thomas Williams,kchaney@example.net,5600.43,2025-01-09,Active
740,Matthew Graves,tammycurry@example.com,2030.63,2025-06-05,Inactive
741,Anna Evans,priscilla16@example.net,5025.78,2024-02-16,Active
742,John Martinez,mark68@example.org,1413.51,2024-12-07,Inactive
743,Lisa Rodriguez,webbhaley@example.net,5217.36,2024-06-01,Blocked
744,Lee Stewart,sara99@example.com,8936.66,2024-05-23,Inactive
745,Lynn Vasquez,nicolehall@example.com,9317.12,2024-11-22,Active
746,April Johnson,mclaughlinjared@example.net,3959.9,2025-09-23,Blocked
747,Mrs. Felicia Castro DDS,davidsonhannah@example.com,8433.89,2025-08-30,Inactive
748,Elizabeth Hunter,katie15@example.com,5097.78,2025-06-05,Blocked
749,Keith Choi,jamesbass@example.net,4923.97,2025-07-30,Inactive
750,John Johnson,timothyburton@example.net,4775.18,2024-01-18,Inactive
751,Julia Olsen,conleykevin@example.net,3345.83,2024-04-22,Inactive
752,Kristen Smith,lauren51@example.org,5857.84,2026-03-26,Blocked
753,Andre Terrell,ashleyprice@example.net,8727.39,2025-10-06,Active
754,Richard Parker,jennifer46@example.org,5989.25,2024-09-28,Blocked
755,David Hayes DVM,aliciathompson@example.com,7839.89,2026-03-05,Blocked
756,Paula Gentry,zhunter@example.com,5797.46,2026-01-08,Active
757,Brittany Peterson,hoconnor@example.com,5856.06,2024-06-23,Blocked
758,Briana Wiggins,jamiejohnson@example.com,6308.8,2025-09-26,Inactive
759,Kelly Smith,mcdanielbrooke@example.org,1520.37,2025-11-28,Active
760,Stephen Garcia,andrew43@example.com,364.13,2025-12-18,Active
761,Dustin Patel,rlambert@example.org,1948.3,2025-03-27,Inactive
762,Brian Mullen,clarkmichael@example.com,4216.86,2025-02-26,Blocked
763,Tony Brock,georgecollins@example.com,2078.72,2025-05-28,Blocked
764,Amber Johnson,rodriguezbrian@example.com,9209.18,2026-01-23,Blocked
765,Michael Vance,tjensen@example.com,669.7,2024-05-21,Blocked
766,Michelle Lambert,beltrankatelyn@example.com,2113.05,2024-11-28,Blocked
767,Anna Lang,tdavis@example.net,4809.79,2025-01-20,Inactive
768,Pamela Ruiz,douglashuang@example.com,9569.02,2025-04-15,Blocked
769,Jenna Lyons,kristina57@example.com,3456.15,2024-12-28,Blocked
770,John Bell,ssingleton@example.com,7731.3,2026-01-08,Blocked
771,Bethany Garcia,nguyendebra@example.com,6450.93,2025-12-10,Inactive
772,Jennifer Gutierrez,amydickson@example.com,6120.26,2024-07-15,Active
773,Daniel Benson,bmueller@example.net,2826.11,2024-11-01,Active
774,Kimberly Young,stevensonjennifer@example.com,9417.78,2024-10-31,Inactive
775,Kyle Nguyen,shortgregory@example.com,7063.76,2025-12-07,Blocked
776,Brian Cervantes,pmurphy@example.net,4915.58,2025-05-06,Inactive
777,Daniel Taylor,shermandonna@example.com,5626.85,2026-03-25,Blocked
778,Jean Lane,jamierich@example.com,2770.9,2024-05-04,Blocked
779,Susan Torres,wrobbins@example.org,6782.39,2025-01-23,Inactive
780,Lisa Dixon,melissabrown@example.net,8192.86,2026-03-02,Active
781,April Castro,daniel40@example.org,2940.0,2024-10-21,Blocked
782,Kevin Garrett,bsullivan@example.net,836.34,2025-03-28,Blocked
783,Christopher Taylor,xbridges@example.com,2601.62,2025-05-05,Active
784,Zachary Santiago,alexanderwong@example.org,2060.58,2025-07-05,Inactive
785,Katelyn Kim,christophermay@example.com,9333.59,2025-12-13,Inactive
786,Stephanie Dominguez,dhanson@example.net,1415.87,2025-09-22,Blocked
787,Robert Cruz,jacobjacobs@example.net,5888.96,2024-09-05,Active
788,Dr. Michael Adams DVM,arthur09@example.com,6714.85,2025-06-27,Active
789,Ashley Olson,thomasjessica@example.com,6397.55,2024-02-23,Active
790,Blake Wu,sanchezcrystal@example.net,4162.35,2026-01-04,Inactive
791,Angela Schultz,chloe58@example.org,1050.42,2026-02-28,Active
792,Jose Harrison,robert44@example.org,101.56,2025-07-17,Active
793,Thomas Curry,bryan79@example.org,4098.73,2025-05-02,Inactive
794,Mary Carter,mitchellchristopher@example.net,6522.86,2026-02-13,Inactive
795,Richard King,joshua40@example.net,3245.62,2025-10-23,Active
796,Christopher Vargas,donnawood@example.org,9083.97,2024-04-01,Blocked
797,Michael Washington,cooperchristopher@example.org,5762.63,2025-07-01,Blocked
798,Samantha Monroe,ptownsend@example.net,7245.02,2024-02-08,Active
799,Mark Clark,brian41@example.org,4207.96,2024-06-29,Active
800,James Turner,noahthornton@example.com,9971.86,2025-02-10,Inactive
